{
    "query_answer_baseline_gpt4omini_k3.json": {
        "ragas_metrics": "{'faithfulness': 0.8311, 'answer_relevancy': 0.6195}",
        "bert_f1": 0.7001845624643502,
        "rouge_recall": 0.127273956099688
    },
    "query_answer_baseline_gpt4omini_k1.json": {
        "ragas_metrics": "{'faithfulness': 0.6510, 'answer_relevancy': 0.3157}",
        "bert_f1": 0.6471516858671129,
        "rouge_recall": 0.1655380309211203
    },
    "query_answer_baseline_gpt4omini_k5.json": {
        "ragas_metrics": "{'faithfulness': 0.8299, 'answer_relevancy': 0.6980}",
        "bert_f1": 0.7004778944339949,
        "rouge_recall": 0.09338551698081571
    },
    "query_answer_CoT_gpt4omini_k1.json": {
        "ragas_metrics": "{'faithfulness': 0.6053, 'answer_relevancy': 0.3772}",
        "bert_f1": 0.6667347707084774,
        "rouge_recall": 0.15557610774215946
    },
    "query_answer_CoT_gpt4omini_k10.json": {
        "ragas_metrics": "{'faithfulness': 0.7419, 'answer_relevancy': 0.8431}",
        "bert_f1": 0.6818058128209458,
        "rouge_recall": 0.03735362418257778
    },
    "query_answer_CoT_gpt4omini_k3.json": {
        "ragas_metrics": "{'faithfulness': 0.6494, 'answer_relevancy': 0.6954}",
        "bert_f1": 0.6818613262520623,
        "rouge_recall": 0.08758396013349685
    },
    "query_answer_CoT_gpt4omini_k5.json": {
        "ragas_metrics": "{'faithfulness': 0.6916, 'answer_relevancy': 0.7648}",
        "bert_f1": 0.6793125714223409,
        "rouge_recall": 0.06031036442861096
    },
    "query_answer_manually_written_gpt4omini_k1.json": {
        "ragas_metrics": "{'faithfulness': 0.7896, 'answer_relevancy': 0.4551}",
        "bert_f1": 0.745835859750964,
        "rouge_recall": 0.47657316697616253
    },
    "query_answer_manually_written_gpt4omini_k10.json": {
        "ragas_metrics": "{'faithfulness': 0.9047, 'answer_relevancy': 0.7325}",
        "bert_f1": 0.7275234669754186,
        "rouge_recall": 0.1124899037681614
    },
    "query_answer_manually_written_gpt4omini_k3.json": {
        "ragas_metrics": "{'faithfulness': 0.8610, 'answer_relevancy': 0.5993}",
        "bert_f1": 0.7336989241777007,
        "rouge_recall": 0.257389178568886
    },
    "query_answer_manually_written_gpt4omini_k5.json": {
        "ragas_metrics": "{'faithfulness': 0.8879, 'answer_relevancy': 0.6112}",
        "bert_f1": 0.7326568076291036,
        "rouge_recall": 0.19457910253543267
    },
    "query_answer_baseline_gpt4omini_k10.json": {
        "ragas_metrics": "{'faithfulness': 0.8438, 'answer_relevancy': 0.7899}",
        "bert_f1": 0.7053153364314246,
        "rouge_recall": 0.059093593525550214
    }
}