{
    "query_answer_human_tuned_maud_gpt4omini_k10.json": {
        "ragas_metrics": "{'faithfulness': 0.8526, 'answer_relevancy': 0.5656}",
        "bert_f1": 0.6979426842989381,
        "rouge_recall": 0.18335302101148193
    }
}