{
    "query_answer_human_tuned_cuad_gpt4omini_k10.json": {
        "ragas_metrics": "{'faithfulness': 0.9124, 'answer_relevancy': 0.6149}",
        "bert_f1": 0.7259062918805584,
        "rouge_recall": 0.16794893822128484
    }
}