{
    "baseline": {},
    "CoT": {},
    "human_tuned": {
        "k10": {
            "ragas_metrics": "{'faithfulness': 0.8993, 'answer_relevancy': 0.7453}",
            "bert_f1": 0.729617248798154,
            "rouge_recall": 0.1328891932970923
        }
    }
}