{
    "query_answer_baseline_contractnli_llama3_k1.json": {
        "ragas_metrics": "{'faithfulness': 0.5955, 'answer_relevancy': 0.5702}",
        "bert_f1": 0.7299332695523488,
        "rouge_recall": 0.33665406042019375,
        "rouge1_recall": 0.43817097226133067,
        "rouge2_recall": 0.23629167915267196,
        "rougeL_recall": 0.33549952984657866
    },
    "query_answer_baseline_contractnli_llama3_k10.json": {
        "ragas_metrics": "{'faithfulness': 0.6965, 'answer_relevancy': 0.2437}",
        "bert_f1": 0.6966038693472282,
        "rouge_recall": 0.09921224964817514,
        "rouge1_recall": 0.1445059827777042,
        "rouge2_recall": 0.06119054912170297,
        "rougeL_recall": 0.09194021704511822
    },
    "query_answer_baseline_contractnli_llama3_k3.json": {
        "ragas_metrics": "{'faithfulness': 0.6529, 'answer_relevancy': 0.7264}",
        "bert_f1": 0.7184390692981248,
        "rouge_recall": 0.16651881651089864,
        "rouge1_recall": 0.2256905876869579,
        "rouge2_recall": 0.11366078322462202,
        "rougeL_recall": 0.16020507862111608
    },
    "query_answer_baseline_contractnli_llama3_k5.json": {
        "ragas_metrics": "{'faithfulness': 0.6741, 'answer_relevancy': 0.4123}",
        "bert_f1": 0.7100757077797172,
        "rouge_recall": 0.15402091159995532,
        "rouge1_recall": 0.2213313427970583,
        "rouge2_recall": 0.09481454770806617,
        "rougeL_recall": 0.14591684429474158
    },
    "query_answer_manually_written_contractnli_llama3_k1.json": {
        "ragas_metrics": "{'faithfulness': 0.6802, 'answer_relevancy': 0.4768}",
        "bert_f1": 0.7472181774906277,
        "rouge_recall": 0.7129912623412914,
        "rouge1_recall": 0.7997739773491245,
        "rouge2_recall": 0.6346845680210904,
        "rougeL_recall": 0.704515241653659
    },
    "query_answer_manually_written_contractnli_llama3_k10.json": {
        "ragas_metrics": "{'faithfulness': 0.7249, 'answer_relevancy': 0.3277}",
        "bert_f1": 0.7076100086428455,
        "rouge_recall": 0.13387396656930048,
        "rouge1_recall": 0.1999296052378113,
        "rouge2_recall": 0.08758811925575022,
        "rougeL_recall": 0.11410417521433998
    },
    "query_answer_manually_written_contractnli_llama3_k3.json": {
        "ragas_metrics": "{'faithfulness': 0.6990, 'answer_relevancy': 0.4203}",
        "bert_f1": 0.7318018395261666,
        "rouge_recall": 0.30487417736011835,
        "rouge1_recall": 0.4352467946680161,
        "rouge2_recall": 0.20585013553309695,
        "rougeL_recall": 0.273525601879242
    },
    "query_answer_manually_written_contractnli_llama3_k5.json": {
        "ragas_metrics": "{'faithfulness': 0.6835, 'answer_relevancy': 0.4027}",
        "bert_f1": 0.7249223485435408,
        "rouge_recall": 0.2272747940583396,
        "rouge1_recall": 0.3388563426788086,
        "rouge2_recall": 0.14883018057961184,
        "rougeL_recall": 0.1941378589165982
    },
    "query_answer_CoT_llama3_k1.json": {
        "ragas_metrics": "{'faithfulness': 0.6425, 'answer_relevancy': 0.2718}",
        "bert_f1": 0.7295063952195275,
        "rouge_recall": 0.4267797635817994
    },
    "query_answer_CoT_llama3_k10.json": {
        "ragas_metrics": "{'faithfulness': 0.6435, 'answer_relevancy': 0.3618}",
        "bert_f1": 0.6755997146835032,
        "rouge_recall": 0.08814588318088591
    },
    "query_answer_CoT_llama3_k3.json": {
        "ragas_metrics": "{'faithfulness': 0.6784, 'answer_relevancy': 0.3256}",
        "bert_f1": 0.7202625099531154,
        "rouge_recall": 0.22893128848894548
    },
    "query_answer_CoT_llama3_k5.json": {
        "ragas_metrics": "{'faithfulness': 0.6945, 'answer_relevancy': 0.4316}",
        "bert_f1": 0.7100549423203026,
        "rouge_recall": 0.15389533439934563
    }
}