{
    "baseline": {
        "k1": {
            "ragas_metrics": "{'faithfulness': 0.5955, 'answer_relevancy': 0.5702}",
            "bert_f1": 0.7299332695523488,
            "rouge_recall": 0.33665406042019375
        },
        "k3": {
            "ragas_metrics": "{'faithfulness': 0.6529, 'answer_relevancy': 0.7264}",
            "bert_f1": 0.7184390692981248,
            "rouge_recall": 0.16651881651089864
        },
        "k5": {
            "ragas_metrics": "{'faithfulness': 0.6741, 'answer_relevancy': 0.4123}",
            "bert_f1": 0.7100757077797172,
            "rouge_recall": 0.15402091159995532
        },
        "k10": {
            "ragas_metrics": "{'faithfulness': 0.6965, 'answer_relevancy': 0.2437}",
            "bert_f1": 0.6966038693472282,
            "rouge_recall": 0.09921224964817514
        }
    },
    "CoT": {},
    "manually_written": {
        "k1": {
            "ragas_metrics": "{'faithfulness': 0.6802, 'answer_relevancy': 0.4768}",
            "bert_f1": 0.7472181774906277,
            "rouge_recall": 0.7129912623412914
        },
        "k3": {
            "ragas_metrics": "{'faithfulness': 0.6990, 'answer_relevancy': 0.4203}",
            "bert_f1": 0.7318018395261666,
            "rouge_recall": 0.30487417736011835
        },
        "k5": {
            "ragas_metrics": "{'faithfulness': 0.6835, 'answer_relevancy': 0.4027}",
            "bert_f1": 0.7249223485435408,
            "rouge_recall": 0.2272747940583396
        },
        "k10": {
            "ragas_metrics": "{'faithfulness': 0.7249, 'answer_relevancy': 0.3277}",
            "bert_f1": 0.7076100086428455,
            "rouge_recall": 0.13387396656930048
        }
    }
}